Feature,Importance
Past_Risk_Level,0.3491081470055541
Delivery_Performance_Score,0.24616507660533693
past_risk,0.21616387098749976
Financial_Stability_Score,0.11477555688200135
MCDM_Score,0.0695613990774699
Ethical_Compliance_Score,0.003469344063663537
Quality_Compliance_Score,0.0002514773721610498
Regulatory_Adherence_Score,0.0001485298704211274
Incidents_Count,0.00011684131177816854
ERP_Transactions,0.00010958192217208555
Sustainability_Score,9.777253560276183e-05
Year,3.2402366339211786e-05
